{"8": {"average_path": 2.0076530612244894, "degree_variance": 2.2232142857142856, "average_path_std": 0.08230747859643715, "degree_variance_std": 0.4711037842240329}, "27": {"average_path": 2.1372948039614705, "degree_variance": 17.41955712326083, "average_path_std": 0.2182730024145185, "degree_variance_std": 4.102157799851519}, "13": {"average_path": 2.140350877192983, "degree_variance": 5.4581127374649645, "average_path_std": 0.19391918970781166, "degree_variance_std": 1.67953258784961}, "31": {"average_path": 2.077009728622631, "degree_variance": 22.51811109459391, "average_path_std": 0.20996290677706542, "degree_variance_std": 4.328647633182329}, "29": {"average_path": 2.102377382737202, "degree_variance": 19.7163831877165, "average_path_std": 0.10936246662248861, "degree_variance_std": 2.772415155173539}, "23": {"average_path": 2.1047430830039526, "degree_variance": 14.448960302457465, "average_path_std": 0.16563946368643925, "degree_variance_std": 2.9173163249059098}, "18": {"average_path": 2.1256354393609294, "degree_variance": 9.658436213991774, "average_path_std": 0.11367084852940101, "degree_variance_std": 1.676509067493987}, "12": {"average_path": 2.1711229946524058, "degree_variance": 4.433006535947711, "average_path_std": 0.21025180235446428, "degree_variance_std": 1.626505749599253}, "24": {"average_path": 2.1234079929732106, "degree_variance": 14.993055555555557, "average_path_std": 0.1805742401956185, "degree_variance_std": 3.0824118197058974}, "16": {"average_path": 2.093981481481482, "degree_variance": 8.526041666666666, "average_path_std": 0.19446042703274058, "degree_variance_std": 2.258856028071633}, "32": {"average_path": 2.0710197710717995, "degree_variance": 23.270287298387096, "average_path_std": 0.09136124114727, "degree_variance_std": 2.536859198215636}, "14": {"average_path": 2.115884115884116, "degree_variance": 6.479591836734696, "average_path_std": 0.1619706910400251, "degree_variance_std": 1.677500349076052}, "21": {"average_path": 2.1569892473118277, "degree_variance": 11.831175480945069, "average_path_std": 0.19358251960512465, "degree_variance_std": 2.903201423836361}, "11": {"average_path": 2.1284848484848484, "degree_variance": 3.8699724517906344, "average_path_std": 0.13000812293616415, "degree_variance_std": 1.0260876332154336}, "33": {"average_path": 2.0688131313131315, "degree_variance": 24.248852157943062, "average_path_std": 0.08213138782359654, "degree_variance_std": 2.4271237086292294}, "22": {"average_path": 2.133679653679654, "degree_variance": 12.92264462809917, "average_path_std": 0.11012578608779594, "degree_variance_std": 2.0312077586198987}, "9": {"average_path": 2.0915032679738563, "degree_variance": 2.564996368917937, "average_path_std": 0.12631469339926596, "degree_variance_std": 0.7755501685851672}, "20": {"average_path": 2.098803827751196, "degree_variance": 11.835454545454546, "average_path_std": 0.11911209132632382, "degree_variance_std": 1.9329034384778105}, "35": {"average_path": 2.072455648926237, "degree_variance": 26.034829931972787, "average_path_std": 0.11543456299653404, "degree_variance_std": 3.359462218057796}, "26": {"average_path": 2.0534472934472947, "degree_variance": 18.15932500547885, "average_path_std": 0.08995734503609011, "degree_variance_std": 1.9842358902726758}, "17": {"average_path": 2.157754010695187, "degree_variance": 8.617175212330919, "average_path_std": 0.23269714141213454, "degree_variance_std": 2.7477682223751847}, "10": {"average_path": 2.126984126984127, "degree_variance": 3.145714285714287, "average_path_std": 0.15723101583542592, "degree_variance_std": 1.0568532421818106}, "36": {"average_path": 2.110141093474427, "degree_variance": 25.657407407407415, "average_path_std": 0.07014751458329851, "degree_variance_std": 2.193634706746381}, "15": {"average_path": 2.156190476190476, "degree_variance": 6.844444444444444, "average_path_std": 0.16366180124019528, "degree_variance_std": 1.8016398565860776}, "30": {"average_path": 2.088218390804598, "degree_variance": 20.962222222222216, "average_path_std": 0.0901909829015623, "degree_variance_std": 2.3119256043393763}, "19": {"average_path": 2.1606237816764136, "degree_variance": 9.974884579870727, "average_path_std": 0.1197306437173822, "degree_variance_std": 1.8105535153675658}, "7": {"average_path": 1.9047619047619049, "degree_variance": 1.918367346938775, "average_path_std": 2.220446049250313e-16, "degree_variance_std": 2.220446049250313e-16}, "28": {"average_path": 2.1120559334845046, "degree_variance": 18.551020408163264, "average_path_std": 0.08256709687076222, "degree_variance_std": 1.9910840937509828}, "34": {"average_path": 2.0860071301247776, "degree_variance": 24.621539792387537, "average_path_std": 0.07004094493612907, "degree_variance_std": 2.1203898699748676}, "25": {"average_path": 2.1121212121212127, "degree_variance": 15.917236363636363, "average_path_std": 0.0855554959273759, "degree_variance_std": 1.8383355749020398}, "37": {"average_path": 2.1546546546546548, "degree_variance": 25.037618699780857, "average_path_std": 0.044768923471097934, "degree_variance_std": 1.4603975963818532}, "49": {"average_path": 2.697278911564626, "degree_variance": 15.590170762182424, "average_path_std": 0.0, "degree_variance_std": 0.0}, "39": {"average_path": 2.1902834008097165, "degree_variance": 25.510190664036834, "average_path_std": 0.0013495276653170407, "degree_variance_std": 0.025641025641027326}, "38": {"average_path": 2.235561877667141, "degree_variance": 23.323545706371185, "average_path_std": 0.07387344779965647, "degree_variance_std": 2.2911125410813593}}