{"10": {"average_path": 2.1531111111111105, "degree_variance": 3.2240000000000024}, "20": {"average_path": 2.3942105263157893, "degree_variance": 8.491000000000003}, "30": {"average_path": 2.447954022988506, "degree_variance": 14.456222222222223}, "40": {"average_path": 2.5231794871794873, "degree_variance": 20.1785}, "50": {"average_path": 2.4652408163265305, "degree_variance": 28.240799999999993}}