{"10": {"average_path": 2.2284444444444444, "degree_variance": 2.7940000000000027}, "20": {"average_path": 2.594105263157894, "degree_variance": 6.512000000000003}, "30": {"average_path": 2.6871034482758613, "degree_variance": 10.888888888888893}, "40": {"average_path": 2.773282051282051, "degree_variance": 15.348999999999998}, "50": {"average_path": 2.8090285714285717, "degree_variance": 19.962799999999994}}