{"10": {"average_path": 1.9720000000000002, "degree_variance": 4.3620000000000045}, "20": {"average_path": 2.1922105263157916, "degree_variance": 11.00700000000001}, "30": {"average_path": 2.1866666666666665, "degree_variance": 19.40288888888887}, "40": {"average_path": 2.18751282051282, "degree_variance": 27.711499999999987}, "50": {"average_path": 2.1630857142857134, "degree_variance": 36.999999999999986}}