{"10": {"average_path": 2.0671111111111107, "degree_variance": 3.7600000000000033}, "20": {"average_path": 2.299210526315791, "degree_variance": 9.490000000000007}, "30": {"average_path": 2.341632183908045, "degree_variance": 16.296222222222212}, "40": {"average_path": 2.2640641025641024, "degree_variance": 25.813}, "50": {"average_path": 2.2479020408163253, "degree_variance": 34.683199999999985}}